,Datetime,Open,High,Low,Close,Volume
0,2021-04-26T09:15:00,1920.05,1930.0,1912.0,1926.85,1061804
1,2021-04-26T09:30:00,1926.85,1936.1,1925.05,1935.05,652372
2,2021-04-26T09:45:00,1935.2,1949.7,1935.05,1949.3,707257
3,2021-04-26T10:00:00,1949.15,1961.25,1949.1,1955.05,915519
4,2021-04-26T10:15:00,1955.1,1958.2,1947.6,1950.95,609119
5,2021-04-26T10:30:00,1950.4,1954.0,1946.0,1946.35,345084
6,2021-04-26T10:45:00,1946.4,1947.5,1936.1,1940.3,482057
7,2021-04-26T11:00:00,1940.3,1947.0,1940.3,1946.7,271830
8,2021-04-26T11:15:00,1946.15,1949.4,1944.0,1944.15,212316
9,2021-04-26T11:30:00,1944.2,1946.3,1940.4,1943.45,182579
10,2021-04-26T11:45:00,1943.85,1947.65,1941.5,1946.85,154313
11,2021-04-26T12:00:00,1946.85,1947.8,1944.2,1944.45,126679
12,2021-04-26T12:15:00,1944.4,1945.85,1941.45,1942.55,173650
13,2021-04-26T12:30:00,1942.55,1949.6,1939.9,1949.5,243257
14,2021-04-26T12:45:00,1949.5,1950.0,1944.35,1945.9,185888
15,2021-04-26T13:00:00,1945.9,1947.5,1944.05,1946.2,115970
16,2021-04-26T13:15:00,1946.2,1946.9,1944.05,1945.3,146035
17,2021-04-26T13:30:00,1945.3,1947.0,1944.0,1945.35,156960
18,2021-04-26T13:45:00,1945.3,1949.5,1942.85,1948.0,180933
19,2021-04-26T14:00:00,1948.0,1951.45,1946.45,1947.25,284644
20,2021-04-26T14:15:00,1947.25,1947.25,1934.3,1938.85,436469
21,2021-04-26T14:30:00,1938.8,1940.65,1936.0,1938.5,248167
22,2021-04-26T14:45:00,1938.2,1942.4,1938.0,1938.05,368945
23,2021-04-26T15:00:00,1939.15,1940.5,1935.65,1937.2,514596
24,2021-04-26T15:15:00,1937.2,1941.0,1932.6,1938.0,809475
25,2021-04-27T09:15:00,1940.0,1975.0,1940.0,1971.45,1350635
26,2021-04-27T09:30:00,1972.95,1979.0,1967.45,1971.8,778658
27,2021-04-27T09:45:00,1971.85,1974.6,1966.5,1974.0,382975
28,2021-04-27T10:00:00,1974.0,1977.7,1972.15,1973.8,308064
29,2021-04-27T10:15:00,1973.8,1974.45,1970.85,1972.0,379624
30,2021-04-27T10:30:00,1972.15,1973.0,1971.0,1971.2,135647
31,2021-04-27T10:45:00,1971.25,1972.5,1969.0,1971.45,124035
32,2021-04-27T11:00:00,1971.45,1973.8,1970.0,1971.0,127368
33,2021-04-27T11:15:00,1971.05,1971.6,1969.2,1970.3,92735
34,2021-04-27T11:30:00,1970.5,1984.5,1970.5,1981.0,729633
35,2021-04-27T11:45:00,1980.8,1989.0,1980.8,1987.8,483517
36,2021-04-27T12:00:00,1987.85,1990.0,1982.25,1984.0,327353
37,2021-04-27T12:15:00,1983.85,1985.35,1978.55,1980.45,232364
38,2021-04-27T12:30:00,1980.45,1983.85,1979.0,1982.75,164062
39,2021-04-27T12:45:00,1982.75,1984.0,1979.05,1979.55,125093
40,2021-04-27T13:00:00,1979.55,1983.2,1977.95,1981.5,193166
41,2021-04-27T13:15:00,1981.5,1983.5,1980.0,1980.9,119908
42,2021-04-27T13:30:00,1980.9,1982.8,1979.6,1980.0,115783
43,2021-04-27T13:45:00,1980.0,1984.55,1979.95,1982.0,190905
44,2021-04-27T14:00:00,1982.5,1984.9,1981.95,1984.0,228101
45,2021-04-27T14:15:00,1984.0,1989.5,1983.0,1989.45,344077
46,2021-04-27T14:30:00,1989.5,1997.0,1988.05,1994.0,575764
47,2021-04-27T14:45:00,1993.25,1994.0,1989.0,1989.5,411816
48,2021-04-27T15:00:00,1989.6,1991.0,1988.0,1990.1,538072
49,2021-04-27T15:15:00,1990.1,1990.1,1986.05,1990.0,742046
50,2021-04-27T15:30:00,1990.0,1990.0,1990.0,1990.0,80
51,2021-04-28T09:15:00,1994.05,2000.0,1989.4,1991.95,579982
52,2021-04-28T09:30:00,1991.75,1992.05,1980.7,1988.35,580472
53,2021-04-28T09:45:00,1988.5,1988.85,1985.15,1988.55,228814
54,2021-04-28T10:00:00,1988.2,2005.9,1988.2,1997.6,720943
55,2021-04-28T10:15:00,1997.65,1998.3,1991.0,1993.6,252816
56,2021-04-28T10:30:00,1993.95,1999.45,1993.0,1998.75,191071
57,2021-04-28T10:45:00,1998.75,2003.9,1997.0,2003.05,265702
58,2021-04-28T11:00:00,2003.4,2004.95,1997.75,1997.75,292987
59,2021-04-28T11:15:00,1998.45,2007.95,1998.1,2006.1,644827
60,2021-04-28T11:30:00,2006.5,2006.7,1998.55,1999.9,235556
61,2021-04-28T11:45:00,1999.9,2000.95,1996.4,2000.05,150375
62,2021-04-28T12:00:00,1999.0,2002.7,1992.3,2001.0,354153
63,2021-04-28T12:15:00,2000.85,2001.0,1996.0,1998.55,144340
64,2021-04-28T12:30:00,1998.3,2001.0,1998.1,2000.05,112122
65,2021-04-28T12:45:00,1999.75,2000.95,1999.0,1999.85,109833
66,2021-04-28T13:00:00,1999.85,2002.55,1999.15,2001.35,161763
67,2021-04-28T13:15:00,2001.35,2006.0,1999.1,2001.15,383835
68,2021-04-28T13:30:00,2001.15,2002.4,1999.75,1999.95,167157
69,2021-04-28T13:45:00,2000.05,2001.8,1995.2,2001.15,235293
70,2021-04-28T14:00:00,2001.15,2001.25,1997.2,1997.2,202122
71,2021-04-28T14:15:00,1997.2,2001.0,1996.7,1999.6,198137
72,2021-04-28T14:30:00,1999.6,1999.95,1996.0,1996.5,189857
73,2021-04-28T14:45:00,1996.5,2000.8,1994.35,2000.05,322002
74,2021-04-28T15:00:00,2000.0,2001.7,1990.5,1995.0,686705
75,2021-04-28T15:15:00,1995.0,1997.45,1991.8,1993.15,454479
76,2021-04-28T15:30:00,1993.15,1993.15,1993.15,1993.15,373
77,2021-04-29T09:15:00,2020.15,2043.65,2019.3,2024.6,1795388
78,2021-04-29T09:30:00,2024.2,2031.85,2023.8,2026.2,418446
79,2021-04-29T09:45:00,2026.65,2026.8,2014.05,2016.45,589555
80,2021-04-29T10:00:00,2016.9,2022.0,2009.1,2021.25,443693
81,2021-04-29T10:15:00,2021.25,2025.0,2018.9,2023.0,250100
82,2021-04-29T10:30:00,2023.1,2023.9,2014.1,2016.0,226563
83,2021-04-29T10:45:00,2015.65,2017.0,2007.65,2015.0,290326
84,2021-04-29T11:00:00,2016.0,2017.6,2011.65,2017.0,142910
85,2021-04-29T11:15:00,2016.85,2020.75,2014.25,2017.5,179267
86,2021-04-29T11:30:00,2017.0,2017.7,2013.0,2013.9,100416
87,2021-04-29T11:45:00,2014.4,2016.1,2010.1,2011.95,100976
88,2021-04-29T12:00:00,2011.3,2018.1,2010.9,2018.0,132485
89,2021-04-29T12:15:00,2018.0,2027.45,2017.05,2026.85,344714
90,2021-04-29T12:30:00,2026.9,2030.0,2024.0,2027.1,257324
91,2021-04-29T12:45:00,2027.9,2029.5,2024.45,2028.3,142642
92,2021-04-29T13:00:00,2028.25,2030.0,2022.8,2025.2,149853
93,2021-04-29T13:15:00,2025.15,2026.8,2022.0,2024.2,104997
94,2021-04-29T13:30:00,2024.5,2026.0,2022.7,2022.7,92122
95,2021-04-29T13:45:00,2022.7,2023.1,2017.25,2019.6,188023
96,2021-04-29T14:00:00,2020.25,2021.0,2018.2,2020.1,128508
97,2021-04-29T14:15:00,2020.45,2020.5,2016.5,2018.0,134211
98,2021-04-29T14:30:00,2018.7,2026.8,2016.0,2022.9,375962
99,2021-04-29T14:45:00,2022.5,2028.4,2021.45,2028.4,224519
100,2021-04-29T15:00:00,2028.3,2030.0,2023.05,2023.25,605266
101,2021-04-29T15:15:00,2023.65,2023.65,2017.45,2020.0,502626
102,2021-04-30T09:15:00,2009.25,2026.95,2003.15,2024.3,831534
103,2021-04-30T09:30:00,2024.85,2036.0,2023.25,2024.65,527577
104,2021-04-30T09:45:00,2025.05,2026.55,2017.5,2023.8,333406
105,2021-04-30T10:00:00,2023.95,2027.95,2017.8,2021.5,262840
106,2021-04-30T10:15:00,2021.95,2025.0,2020.0,2024.5,121934
107,2021-04-30T10:30:00,2024.5,2025.0,2019.5,2019.7,139181
108,2021-04-30T10:45:00,2019.75,2022.5,2018.25,2018.85,147283
109,2021-04-30T11:00:00,2018.9,2023.8,2018.15,2022.5,102869
110,2021-04-30T11:15:00,2022.55,2027.0,2022.5,2025.55,164464
111,2021-04-30T11:30:00,2025.55,2030.0,2023.55,2024.2,176064
112,2021-04-30T11:45:00,2024.05,2026.35,2022.5,2023.95,115331
113,2021-04-30T12:00:00,2023.95,2026.95,2023.05,2025.8,95270
114,2021-04-30T12:15:00,2025.8,2029.35,2025.5,2028.5,144417
115,2021-04-30T12:30:00,2028.5,2032.8,2028.15,2032.0,246283
116,2021-04-30T12:45:00,2032.0,2033.5,2025.3,2026.0,209761
117,2021-04-30T13:00:00,2025.65,2026.05,2012.1,2014.0,573675
118,2021-04-30T13:15:00,2013.5,2016.45,2011.0,2012.5,213375
119,2021-04-30T13:30:00,2012.25,2015.65,2007.7,2008.1,246433
120,2021-04-30T13:45:00,2009.0,2010.45,2003.25,2007.4,288251
121,2021-04-30T14:00:00,2006.8,2007.5,1993.0,1999.3,459007
122,2021-04-30T14:15:00,1999.5,2013.35,1996.65,2008.3,358651
123,2021-04-30T14:30:00,2008.45,2013.4,2005.15,2012.0,221263
124,2021-04-30T14:45:00,2012.05,2012.5,2002.2,2007.9,299661
125,2021-04-30T15:00:00,2007.9,2007.95,1989.0,1991.8,1236073
126,2021-04-30T15:15:00,1991.95,1998.0,1988.3,1994.3,1434870
127,2021-04-30T15:30:00,1995.9,1995.9,1995.9,1995.9,55
128,2021-05-03T09:15:00,1967.75,1978.5,1943.95,1976.0,2019340
129,2021-05-03T09:30:00,1976.7,1976.7,1950.55,1963.0,1023342
130,2021-05-03T09:45:00,1962.7,1963.0,1948.45,1951.85,652760
131,2021-05-03T10:00:00,1951.65,1959.0,1951.25,1958.7,283170
132,2021-05-03T10:15:00,1958.6,1961.25,1952.2,1956.75,210937
133,2021-05-03T10:30:00,1956.75,1962.0,1954.45,1960.25,186689
134,2021-05-03T10:45:00,1960.0,1963.0,1956.0,1956.4,168606
135,2021-05-03T11:00:00,1956.55,1956.7,1946.7,1947.5,415196
136,2021-05-03T11:15:00,1947.5,1954.8,1947.0,1953.2,231809
137,2021-05-03T11:30:00,1953.25,1953.25,1948.05,1949.25,238069
138,2021-05-03T11:45:00,1949.5,1951.0,1945.1,1949.9,214423
139,2021-05-03T12:00:00,1950.8,1951.9,1948.1,1950.9,195779
140,2021-05-03T12:15:00,1950.95,1952.95,1949.0,1950.75,134331
141,2021-05-03T12:30:00,1950.75,1952.0,1947.0,1949.85,201493
142,2021-05-03T12:45:00,1950.0,1957.1,1949.0,1956.5,463156
143,2021-05-03T13:00:00,1956.4,1961.0,1953.45,1959.65,406347
144,2021-05-03T13:15:00,1960.15,1960.8,1955.05,1955.35,242099
145,2021-05-03T13:30:00,1955.05,1960.55,1954.0,1960.05,213675
146,2021-05-03T13:45:00,1959.95,1965.8,1958.95,1964.2,361534
147,2021-05-03T14:00:00,1964.7,1965.95,1960.1,1963.05,215045
148,2021-05-03T14:15:00,1963.2,1966.9,1961.4,1966.0,267453
149,2021-05-03T14:30:00,1966.25,1970.85,1966.05,1970.05,522835
150,2021-05-03T14:45:00,1970.05,1971.0,1964.7,1965.1,515863
151,2021-05-03T15:00:00,1965.3,1965.9,1959.65,1962.95,478133
152,2021-05-03T15:15:00,1962.85,1963.05,1951.0,1955.9,884989
153,2021-05-03T15:30:00,1956.0,1956.0,1956.0,1956.0,239
154,2021-05-04T09:15:00,1953.95,1967.0,1939.25,1944.6,1418623
155,2021-05-04T09:30:00,1944.7,1947.1,1934.0,1934.25,789824
156,2021-05-04T09:45:00,1934.5,1939.6,1930.05,1939.2,595230
157,2021-05-04T10:00:00,1939.2,1942.65,1936.75,1941.1,445772
158,2021-05-04T10:15:00,1940.6,1941.9,1937.15,1941.75,258099
159,2021-05-04T10:30:00,1941.35,1947.0,1941.0,1945.2,398388
160,2021-05-04T10:45:00,1945.2,1949.15,1943.55,1944.9,358776
161,2021-05-04T11:00:00,1945.0,1950.3,1944.45,1946.15,337635
162,2021-05-04T11:15:00,1946.2,1948.0,1937.0,1938.55,356258
163,2021-05-04T11:30:00,1938.65,1943.15,1937.05,1942.7,209769
164,2021-05-04T11:45:00,1942.7,1946.0,1940.75,1941.55,210647
165,2021-05-04T12:00:00,1941.5,1941.9,1935.0,1937.6,323485
166,2021-05-04T12:15:00,1937.6,1938.0,1934.0,1936.45,164351
167,2021-05-04T12:30:00,1936.45,1936.55,1931.8,1936.2,293968
168,2021-05-04T12:45:00,1935.5,1938.0,1935.0,1935.5,113981
169,2021-05-04T13:00:00,1935.5,1935.5,1928.25,1928.65,370822
170,2021-05-04T13:15:00,1928.15,1934.0,1927.0,1933.75,275427
171,2021-05-04T13:30:00,1933.7,1935.2,1930.9,1932.7,205214
172,2021-05-04T13:45:00,1932.7,1936.6,1932.5,1933.6,166560
173,2021-05-04T14:00:00,1933.8,1935.8,1928.35,1931.3,184316
174,2021-05-04T14:15:00,1931.3,1932.6,1929.15,1929.85,104773
175,2021-05-04T14:30:00,1929.85,1932.0,1917.0,1918.9,612917
176,2021-05-04T14:45:00,1918.55,1921.3,1911.0,1912.0,459586
177,2021-05-04T15:00:00,1912.0,1917.95,1911.9,1917.4,603082
178,2021-05-04T15:15:00,1917.35,1919.9,1916.0,1918.0,727505
179,2021-05-04T15:30:00,1918.0,1918.0,1918.0,1918.0,339
180,2021-05-05T09:15:00,1923.5,1928.05,1914.2,1921.15,808136
181,2021-05-05T09:30:00,1921.5,1934.0,1921.5,1930.8,488904
182,2021-05-05T09:45:00,1930.8,1931.95,1924.5,1928.9,202182
183,2021-05-05T10:00:00,1928.6,1931.9,1923.85,1928.0,221802
184,2021-05-05T10:15:00,1927.5,1933.9,1927.5,1933.7,186974
185,2021-05-05T10:30:00,1933.7,1938.2,1930.0,1934.45,256286
186,2021-05-05T10:45:00,1934.3,1937.35,1931.75,1933.0,224076
187,2021-05-05T11:00:00,1932.25,1933.2,1926.15,1927.0,126577
188,2021-05-05T11:15:00,1926.6,1928.0,1920.05,1924.5,215046
189,2021-05-05T11:30:00,1925.0,1926.5,1921.05,1923.0,97897
190,2021-05-05T11:45:00,1923.0,1924.0,1920.25,1923.95,92651
191,2021-05-05T12:00:00,1924.0,1927.25,1922.0,1925.95,115202
192,2021-05-05T12:15:00,1925.75,1927.55,1921.7,1924.3,116901
193,2021-05-05T12:30:00,1924.8,1925.0,1920.0,1920.9,114362
194,2021-05-05T12:45:00,1921.25,1924.9,1919.15,1924.15,211817
195,2021-05-05T13:00:00,1924.05,1929.5,1923.7,1925.5,214039
196,2021-05-05T13:15:00,1925.5,1928.85,1923.0,1924.55,95691
197,2021-05-05T13:30:00,1924.4,1925.0,1920.7,1921.85,88957
198,2021-05-05T13:45:00,1921.85,1923.5,1912.1,1916.0,292673
199,2021-05-05T14:00:00,1916.05,1918.2,1908.05,1909.45,317342
200,2021-05-05T14:15:00,1909.5,1915.8,1909.4,1915.05,242712
201,2021-05-05T14:30:00,1915.05,1916.6,1911.1,1915.35,131380
202,2021-05-05T14:45:00,1915.55,1919.0,1915.25,1916.1,138866
203,2021-05-05T15:00:00,1917.0,1921.9,1916.1,1921.65,280934
204,2021-05-05T15:15:00,1921.5,1923.0,1919.1,1921.0,395779
205,2021-05-05T15:30:00,1921.5,1921.5,1921.5,1921.5,248
206,2021-05-06T09:15:00,1920.1,1922.0,1912.0,1913.35,527099
207,2021-05-06T09:30:00,1914.0,1919.75,1913.0,1919.2,243029
208,2021-05-06T09:45:00,1919.7,1920.8,1915.05,1915.15,193066
209,2021-05-06T10:00:00,1915.15,1916.5,1913.1,1914.2,208661
210,2021-05-06T10:15:00,1914.5,1915.9,1908.25,1910.0,335723
211,2021-05-06T10:30:00,1910.0,1910.95,1906.75,1908.6,280475
212,2021-05-06T10:45:00,1908.7,1913.0,1908.6,1911.9,219048
213,2021-05-06T11:00:00,1912.0,1917.0,1911.05,1914.0,171388
214,2021-05-06T11:15:00,1914.0,1915.0,1910.9,1913.05,154520
215,2021-05-06T11:30:00,1912.65,1916.2,1912.55,1915.65,162062
216,2021-05-06T11:45:00,1918.25,1929.95,1915.9,1927.5,555708
217,2021-05-06T12:00:00,1927.95,1928.5,1923.45,1927.25,309564
218,2021-05-06T12:15:00,1927.0,1927.1,1921.0,1924.25,164084
219,2021-05-06T12:30:00,1924.35,1924.85,1919.7,1920.8,144945
220,2021-05-06T12:45:00,1920.4,1924.0,1918.2,1921.65,137999
221,2021-05-06T13:00:00,1921.65,1923.0,1919.3,1922.55,99471
222,2021-05-06T13:15:00,1922.95,1923.5,1916.6,1919.5,145861
223,2021-05-06T13:30:00,1919.5,1919.5,1915.0,1917.25,134125
224,2021-05-06T13:45:00,1917.0,1919.3,1915.0,1916.65,139411
225,2021-05-06T14:00:00,1916.8,1918.2,1913.15,1914.1,147059
226,2021-05-06T14:15:00,1914.5,1918.25,1913.65,1916.0,115382
227,2021-05-06T14:30:00,1916.0,1919.55,1915.05,1917.45,139858
228,2021-05-06T14:45:00,1917.45,1926.5,1917.25,1926.0,369961
229,2021-05-06T15:00:00,1926.1,1934.0,1926.05,1930.4,875436
230,2021-05-06T15:15:00,1930.4,1934.2,1929.35,1931.6,755863
231,2021-05-06T15:30:00,1932.0,1932.0,1932.0,1932.0,25
232,2021-05-07T09:15:00,1937.45,1949.8,1937.45,1949.7,845564
233,2021-05-07T09:30:00,1949.5,1955.0,1946.6,1951.55,519841
234,2021-05-07T09:45:00,1951.7,1953.0,1942.95,1944.0,283793
235,2021-05-07T10:00:00,1943.5,1948.7,1943.25,1945.6,151409
236,2021-05-07T10:15:00,1945.5,1946.9,1941.05,1941.65,185838
237,2021-05-07T10:30:00,1941.3,1946.2,1940.15,1942.05,132222
238,2021-05-07T10:45:00,1941.6,1941.8,1937.75,1940.45,177470
239,2021-05-07T11:00:00,1940.5,1945.0,1938.5,1941.95,109447
240,2021-05-07T11:15:00,1941.95,1944.0,1939.15,1943.6,99783
241,2021-05-07T11:30:00,1943.75,1943.9,1940.1,1942.05,108605
242,2021-05-07T11:45:00,1942.05,1942.95,1938.3,1939.9,102132
243,2021-05-07T12:00:00,1939.85,1941.6,1932.45,1936.25,217008
244,2021-05-07T12:15:00,1935.3,1939.5,1933.35,1939.0,157872
245,2021-05-07T12:30:00,1939.0,1940.4,1937.85,1940.0,137069
246,2021-05-07T12:45:00,1939.95,1941.0,1938.0,1938.9,109383
247,2021-05-07T13:00:00,1938.1,1939.6,1931.4,1934.3,166580
248,2021-05-07T13:15:00,1934.5,1938.0,1931.55,1934.5,156484
249,2021-05-07T13:30:00,1934.55,1936.9,1933.6,1935.25,94674
250,2021-05-07T13:45:00,1935.7,1938.6,1934.75,1937.95,146534
251,2021-05-07T14:00:00,1937.75,1939.95,1934.1,1935.0,248186
252,2021-05-07T14:15:00,1935.0,1935.5,1929.95,1930.9,183715
253,2021-05-07T14:30:00,1930.9,1937.4,1930.2,1936.6,216609
254,2021-05-07T14:45:00,1937.0,1939.0,1935.1,1935.75,180158
255,2021-05-07T15:00:00,1935.5,1936.25,1932.35,1933.45,357689
256,2021-05-07T15:15:00,1933.45,1934.0,1926.1,1926.8,550366
257,2021-05-07T15:30:00,1926.8,1926.8,1926.8,1926.8,22
258,2021-05-10T09:15:00,1938.0,1945.5,1925.1,1940.85,629051
259,2021-05-10T09:30:00,1940.1,1940.75,1933.95,1936.1,211306
260,2021-05-10T09:45:00,1936.25,1936.9,1925.05,1927.35,358234
261,2021-05-10T10:00:00,1927.0,1930.0,1922.7,1929.7,230261
262,2021-05-10T10:15:00,1929.95,1930.95,1927.0,1930.2,147501
263,2021-05-10T10:30:00,1930.1,1931.5,1929.0,1930.35,104761
264,2021-05-10T10:45:00,1930.35,1931.0,1927.0,1928.0,103616
265,2021-05-10T11:00:00,1928.0,1935.0,1927.1,1934.4,222078
266,2021-05-10T11:15:00,1934.35,1939.85,1934.35,1937.0,275637
267,2021-05-10T11:30:00,1936.2,1938.0,1933.5,1935.85,96708
268,2021-05-10T11:45:00,1935.8,1938.85,1934.0,1938.65,101375
269,2021-05-10T12:00:00,1938.8,1942.3,1936.9,1940.45,195523
270,2021-05-10T12:15:00,1940.35,1941.0,1938.35,1939.75,78128
271,2021-05-10T12:30:00,1939.9,1944.7,1939.65,1941.65,157149
272,2021-05-10T12:45:00,1941.8,1946.45,1939.4,1943.0,234904
273,2021-05-10T13:00:00,1943.0,1943.0,1934.1,1934.9,251666
274,2021-05-10T13:15:00,1934.5,1935.45,1932.55,1934.85,227145
275,2021-05-10T13:30:00,1934.25,1935.0,1930.9,1934.0,190146
276,2021-05-10T13:45:00,1934.05,1934.4,1930.4,1931.1,189291
277,2021-05-10T14:00:00,1931.2,1932.0,1928.75,1928.9,255071
278,2021-05-10T14:15:00,1928.75,1932.3,1926.0,1927.15,223938
279,2021-05-10T14:30:00,1926.55,1928.25,1924.0,1924.95,279729
280,2021-05-10T14:45:00,1924.9,1925.6,1923.25,1924.5,241918
281,2021-05-10T15:00:00,1924.1,1931.2,1924.1,1925.4,650442
282,2021-05-10T15:15:00,1925.4,1927.65,1921.0,1927.1,743125
283,2021-05-11T09:15:00,1914.9,1930.75,1911.65,1930.5,815061
284,2021-05-11T09:30:00,1930.25,1934.8,1926.75,1933.95,429740
285,2021-05-11T09:45:00,1933.75,1934.45,1928.25,1931.0,243525
286,2021-05-11T10:00:00,1931.65,1932.5,1927.0,1928.3,177231
287,2021-05-11T10:15:00,1928.75,1930.95,1922.45,1922.5,217042
288,2021-05-11T10:30:00,1922.5,1926.7,1922.3,1923.15,201177
289,2021-05-11T10:45:00,1923.1,1924.8,1922.6,1924.4,116088
290,2021-05-11T11:00:00,1924.8,1927.05,1924.1,1927.05,115517
291,2021-05-11T11:15:00,1927.0,1929.65,1924.85,1925.75,176075
292,2021-05-11T11:30:00,1925.75,1932.95,1925.75,1932.95,287638
293,2021-05-11T11:45:00,1932.95,1936.4,1930.0,1932.35,307441
294,2021-05-11T12:00:00,1932.35,1935.8,1932.2,1935.45,155203
295,2021-05-11T12:15:00,1935.45,1936.0,1933.1,1936.0,142445
296,2021-05-11T12:30:00,1935.95,1938.45,1933.5,1935.6,181696
297,2021-05-11T12:45:00,1935.45,1938.0,1931.7,1937.85,195377
298,2021-05-11T13:00:00,1937.95,1938.0,1935.0,1935.0,121446
299,2021-05-11T13:15:00,1935.0,1935.05,1930.05,1931.5,265735
300,2021-05-11T13:30:00,1931.8,1933.8,1927.25,1930.75,206513
301,2021-05-11T13:45:00,1930.65,1931.6,1928.05,1929.95,151597
302,2021-05-11T14:00:00,1929.95,1930.95,1928.25,1928.7,112950
303,2021-05-11T14:15:00,1928.7,1930.8,1928.7,1930.75,113847
304,2021-05-11T14:30:00,1930.75,1930.75,1926.5,1927.05,184883
305,2021-05-11T14:45:00,1927.0,1929.5,1925.15,1925.95,220289
306,2021-05-11T15:00:00,1925.9,1934.9,1925.9,1933.85,483616
307,2021-05-11T15:15:00,1933.9,1935.3,1932.55,1933.9,495049
308,2021-05-11T15:30:00,1933.9,1933.9,1933.9,1933.9,9
309,2021-05-12T09:15:00,1930.15,1930.15,1920.0,1920.2,621682
310,2021-05-12T09:30:00,1920.0,1920.6,1910.0,1915.55,730661
311,2021-05-12T09:45:00,1915.45,1915.7,1911.5,1912.65,264152
312,2021-05-12T10:00:00,1912.35,1916.0,1912.0,1913.8,193695
313,2021-05-12T10:15:00,1913.75,1914.3,1907.2,1909.0,387524
314,2021-05-12T10:30:00,1909.05,1916.95,1908.55,1914.45,223779
315,2021-05-12T10:45:00,1914.5,1916.0,1913.0,1915.85,124758
316,2021-05-12T11:00:00,1915.95,1915.95,1911.0,1912.75,133806
317,2021-05-12T11:15:00,1912.7,1918.0,1912.5,1917.0,218582
318,2021-05-12T11:30:00,1917.05,1919.75,1915.5,1918.2,178526
319,2021-05-12T11:45:00,1918.0,1919.6,1914.55,1917.85,166923
320,2021-05-12T12:00:00,1917.85,1922.75,1917.05,1920.3,267116
321,2021-05-12T12:15:00,1920.3,1921.85,1918.7,1919.1,115117
322,2021-05-12T12:30:00,1919.15,1920.0,1917.05,1918.55,116783
323,2021-05-12T12:45:00,1918.5,1919.75,1917.25,1918.4,74873
324,2021-05-12T13:00:00,1918.25,1921.45,1917.25,1920.75,118472
325,2021-05-12T13:15:00,1920.75,1921.7,1916.1,1916.15,114459
326,2021-05-12T13:30:00,1916.5,1918.2,1912.25,1914.65,179011
327,2021-05-12T13:45:00,1914.65,1917.5,1914.0,1915.7,115959
328,2021-05-12T14:00:00,1915.9,1916.95,1912.1,1913.05,132404
329,2021-05-12T14:15:00,1913.15,1914.55,1910.4,1911.65,229514
330,2021-05-12T14:30:00,1911.65,1913.1,1910.05,1911.5,185532
331,2021-05-12T14:45:00,1911.5,1912.5,1907.25,1907.5,306113
332,2021-05-12T15:00:00,1907.6,1914.5,1907.6,1914.3,381098
333,2021-05-12T15:15:00,1914.1,1915.6,1911.2,1913.7,456052
334,2021-05-12T15:30:00,1913.05,1913.05,1913.05,1913.05,45
335,2021-05-14T09:15:00,1928.2,1928.2,1911.95,1912.2,618228
336,2021-05-14T09:30:00,1912.45,1914.25,1906.05,1912.85,362625
337,2021-05-14T09:45:00,1912.25,1914.05,1910.4,1913.0,179584
338,2021-05-14T10:00:00,1913.0,1914.95,1912.0,1912.1,163653
339,2021-05-14T10:15:00,1911.95,1914.4,1908.0,1912.15,171129
340,2021-05-14T10:30:00,1912.1,1917.0,1912.1,1916.7,172764
341,2021-05-14T10:45:00,1916.75,1919.7,1915.8,1919.05,210304
342,2021-05-14T11:00:00,1919.05,1920.55,1914.6,1919.0,204124
343,2021-05-14T11:15:00,1918.8,1924.95,1918.0,1924.65,225062
344,2021-05-14T11:30:00,1924.9,1925.0,1918.2,1920.05,139993
345,2021-05-14T11:45:00,1919.95,1923.8,1917.15,1920.9,173728
346,2021-05-14T12:00:00,1920.95,1923.95,1918.3,1923.95,158854
347,2021-05-14T12:15:00,1924.15,1931.0,1923.6,1928.9,424659
348,2021-05-14T12:30:00,1929.0,1932.0,1928.0,1929.65,274905
349,2021-05-14T12:45:00,1929.0,1930.95,1925.5,1930.25,198259
350,2021-05-14T13:00:00,1930.35,1935.0,1927.05,1930.7,265498
351,2021-05-14T13:15:00,1931.45,1931.95,1927.1,1931.65,143064
352,2021-05-14T13:30:00,1931.75,1933.0,1930.0,1931.0,106399
353,2021-05-14T13:45:00,1931.35,1932.25,1924.1,1924.5,169264
354,2021-05-14T14:00:00,1923.8,1931.0,1922.3,1929.75,192421
355,2021-05-14T14:15:00,1930.0,1931.95,1929.0,1931.0,112660
356,2021-05-14T14:30:00,1931.05,1939.5,1930.5,1934.0,334200
357,2021-05-14T14:45:00,1934.0,1939.7,1932.2,1935.55,258071
358,2021-05-14T15:00:00,1935.45,1936.0,1932.75,1934.4,253060
359,2021-05-14T15:15:00,1934.4,1941.95,1933.75,1937.0,507219
360,2021-05-17T09:15:00,1938.95,1947.35,1930.6,1935.0,596268
361,2021-05-17T09:30:00,1935.35,1938.3,1932.0,1934.65,198711
362,2021-05-17T09:45:00,1934.75,1944.9,1934.6,1944.7,324395
363,2021-05-17T10:00:00,1944.95,1945.0,1938.2,1941.3,147535
364,2021-05-17T10:15:00,1942.0,1944.0,1935.45,1938.6,168888
365,2021-05-17T10:30:00,1938.7,1953.5,1938.7,1947.8,573305
366,2021-05-17T10:45:00,1948.0,1951.0,1943.8,1949.6,172050
367,2021-05-17T11:00:00,1949.6,1954.15,1947.35,1950.0,239025
368,2021-05-17T11:15:00,1950.0,1951.0,1948.0,1950.25,120665
369,2021-05-17T11:30:00,1950.0,1950.25,1946.2,1946.35,117661
370,2021-05-17T11:45:00,1946.85,1951.5,1946.35,1947.3,119197
371,2021-05-17T12:00:00,1947.3,1950.65,1946.2,1948.9,99351
372,2021-05-17T12:15:00,1949.2,1954.9,1948.4,1953.0,196427
373,2021-05-17T12:30:00,1952.45,1954.9,1950.7,1951.5,130060
374,2021-05-17T12:45:00,1951.5,1954.35,1951.05,1951.65,83320
375,2021-05-17T13:00:00,1951.65,1952.3,1948.9,1949.0,98646
376,2021-05-17T13:15:00,1949.0,1953.55,1948.1,1949.7,123435
377,2021-05-17T13:30:00,1949.7,1952.45,1948.55,1951.25,85585
378,2021-05-17T13:45:00,1951.45,1953.5,1950.0,1952.05,81574
379,2021-05-17T14:00:00,1952.2,1954.75,1951.5,1952.0,97821
380,2021-05-17T14:15:00,1952.15,1954.0,1951.35,1952.95,90349
381,2021-05-17T14:30:00,1952.65,1963.45,1952.35,1961.2,572911
382,2021-05-17T14:45:00,1961.2,1962.0,1959.2,1960.5,187761
383,2021-05-17T15:00:00,1960.85,1962.85,1959.05,1959.95,381915
384,2021-05-17T15:15:00,1959.85,1962.4,1956.05,1958.85,446907
385,2021-05-17T15:30:00,1958.85,1958.85,1958.85,1958.85,1
386,2021-05-18T09:15:00,1981.0,1985.0,1972.55,1982.35,627679
387,2021-05-18T09:30:00,1982.15,1987.8,1976.35,1978.75,351943
388,2021-05-18T09:45:00,1978.1,1982.0,1975.0,1977.7,200354
389,2021-05-18T10:00:00,1978.65,1979.85,1973.6,1975.75,150610
390,2021-05-18T10:15:00,1975.75,1979.0,1975.1,1978.45,89211
391,2021-05-18T10:30:00,1978.45,1983.0,1978.0,1982.85,139065
392,2021-05-18T10:45:00,1982.8,1986.45,1981.4,1984.1,180702
393,2021-05-18T11:00:00,1984.0,1989.9,1983.0,1989.9,287522
394,2021-05-18T11:15:00,1989.85,1991.4,1989.0,1990.45,266546
395,2021-05-18T11:30:00,1990.4,1991.0,1985.2,1987.4,172051
396,2021-05-18T11:45:00,1987.45,1990.75,1985.7,1990.2,123869
397,2021-05-18T12:00:00,1990.5,1998.9,1988.2,1998.3,454813
398,2021-05-18T12:15:00,1998.8,2002.25,1990.4,1990.4,495435
399,2021-05-18T12:30:00,1990.3,1997.0,1990.05,1994.0,148647
400,2021-05-18T12:45:00,1994.1,1996.95,1991.5,1992.3,165629
401,2021-05-18T13:00:00,1992.25,1995.95,1992.0,1993.85,110791
402,2021-05-18T13:15:00,1993.85,1997.0,1993.1,1996.0,85029
403,2021-05-18T13:30:00,1995.7,1996.5,1994.25,1995.3,78465
404,2021-05-18T13:45:00,1995.0,1998.0,1992.0,1996.05,158175
405,2021-05-18T14:00:00,1996.25,1996.3,1992.05,1992.1,99607
406,2021-05-18T14:15:00,1992.1,1993.4,1988.7,1989.25,172517
407,2021-05-18T14:30:00,1989.25,1989.25,1984.55,1988.95,170302
408,2021-05-18T14:45:00,1988.95,1991.0,1984.4,1985.45,152938
409,2021-05-18T15:00:00,1985.15,1989.95,1985.15,1987.65,275974
410,2021-05-18T15:15:00,1988.35,1989.0,1984.35,1986.0,364274
411,2021-05-18T15:30:00,1986.0,1986.0,1986.0,1986.0,25
412,2021-05-19T09:15:00,1980.2,1985.0,1975.45,1977.7,384601
413,2021-05-19T09:30:00,1977.0,1986.0,1977.0,1977.8,221041
414,2021-05-19T09:45:00,1978.05,1980.4,1976.0,1978.8,112693
415,2021-05-19T10:00:00,1978.35,1979.9,1977.0,1977.1,79750
416,2021-05-19T10:15:00,1977.1,1978.65,1972.0,1975.55,201802
417,2021-05-19T10:30:00,1975.85,1980.0,1975.75,1977.2,113544
418,2021-05-19T10:45:00,1977.2,1983.0,1977.0,1982.1,185925
419,2021-05-19T11:00:00,1982.55,1984.0,1980.0,1983.2,91696
420,2021-05-19T11:15:00,1983.7,1987.3,1980.0,1987.0,155875
421,2021-05-19T11:30:00,1987.0,1999.0,1986.4,1994.9,481160
422,2021-05-19T11:45:00,1994.9,2005.8,1994.85,2005.8,428110
423,2021-05-19T12:00:00,2005.4,2016.3,2005.2,2014.4,724856
424,2021-05-19T12:15:00,2015.0,2015.7,2003.65,2010.45,507367
425,2021-05-19T12:30:00,2010.45,2015.75,2006.55,2014.2,395236
426,2021-05-19T12:45:00,2014.2,2014.85,2008.8,2013.0,221681
427,2021-05-19T13:00:00,2013.0,2014.0,2007.9,2011.05,219178
428,2021-05-19T13:15:00,2011.5,2012.15,2003.05,2003.95,314607
429,2021-05-19T13:30:00,2003.95,2004.1,1992.65,1998.5,585795
430,2021-05-19T13:45:00,1998.25,2007.0,1996.1,2004.25,288173
431,2021-05-19T14:00:00,2004.45,2006.55,2002.55,2004.35,158942
432,2021-05-19T14:15:00,2004.35,2007.9,2003.4,2004.0,164232
433,2021-05-19T14:30:00,2004.0,2006.8,1999.3,2003.65,216436
434,2021-05-19T14:45:00,2003.9,2006.0,2002.6,2004.5,129824
435,2021-05-19T15:00:00,2004.5,2005.0,1996.0,1997.0,566478
436,2021-05-19T15:15:00,1996.4,1997.45,1991.0,1993.9,555559
437,2021-05-19T15:30:00,1993.0,1993.0,1993.0,1993.0,4
438,2021-05-20T09:15:00,1997.6,2010.7,1989.6,1991.15,641930
439,2021-05-20T09:30:00,1990.95,1995.9,1987.75,1993.85,269088
440,2021-05-20T09:45:00,1993.85,1993.9,1988.0,1988.0,172494
441,2021-05-20T10:00:00,1987.3,1991.5,1985.55,1991.45,169476
442,2021-05-20T10:15:00,1991.45,1993.0,1984.1,1986.5,167218
443,2021-05-20T10:30:00,1986.9,1992.25,1985.0,1990.2,146820
444,2021-05-20T10:45:00,1990.2,1992.5,1988.5,1989.45,97219
445,2021-05-20T11:00:00,1989.45,1994.0,1989.3,1993.65,120181
446,2021-05-20T11:15:00,1993.65,1993.7,1988.9,1989.7,84616
447,2021-05-20T11:30:00,1989.7,1992.95,1989.7,1991.9,73118
448,2021-05-20T11:45:00,1991.85,1991.85,1988.9,1988.9,86659
449,2021-05-20T12:00:00,1989.0,1991.5,1987.2,1991.1,110000
450,2021-05-20T12:15:00,1991.1,1991.8,1987.85,1989.5,92820
451,2021-05-20T12:30:00,1989.5,1992.5,1988.0,1991.2,82117
452,2021-05-20T12:45:00,1991.35,2002.55,1991.0,1998.75,403088
453,2021-05-20T13:00:00,1998.35,2001.95,1996.6,1998.45,137617
454,2021-05-20T13:15:00,1998.45,1999.0,1994.25,1995.35,123045
455,2021-05-20T13:30:00,1995.25,2000.0,1992.0,1999.05,125205
456,2021-05-20T13:45:00,1999.1,2000.0,1996.25,1997.0,84583
457,2021-05-20T14:00:00,1996.95,1998.3,1990.95,1992.55,157983
458,2021-05-20T14:15:00,1992.55,1992.7,1988.0,1991.85,164892
459,2021-05-20T14:30:00,1991.85,1992.0,1985.0,1991.05,243078
460,2021-05-20T14:45:00,1991.1,1991.2,1981.15,1985.0,321334
461,2021-05-20T15:00:00,1984.7,1987.95,1981.5,1987.4,576517
462,2021-05-20T15:15:00,1987.35,1989.5,1981.1,1982.0,605865
463,2021-05-20T15:30:00,1982.0,1982.0,1982.0,1982.0,106
464,2021-05-21T09:15:00,1994.0,2000.0,1986.05,1989.4,514430
465,2021-05-21T09:30:00,1989.4,1992.0,1987.65,1989.75,155874
466,2021-05-21T09:45:00,1989.2,1993.45,1987.1,1993.45,128247
467,2021-05-21T10:00:00,1993.45,1995.8,1991.5,1994.65,130578
468,2021-05-21T10:15:00,1994.0,1997.8,1993.6,1997.5,156273
469,2021-05-21T10:30:00,1997.7,1999.8,1995.55,1996.0,192506
470,2021-05-21T10:45:00,1996.0,2007.8,1995.0,2005.55,458181
471,2021-05-21T11:00:00,2005.5,2009.5,2003.25,2004.35,273424
472,2021-05-21T11:15:00,2004.35,2007.0,2002.0,2003.0,156502
473,2021-05-21T11:30:00,2003.05,2007.5,2003.0,2007.0,190656
474,2021-05-21T11:45:00,2007.0,2007.25,1998.15,1998.45,256005
475,2021-05-21T12:00:00,1998.45,2001.8,1996.1,1998.55,170239
476,2021-05-21T12:15:00,1998.55,2001.95,1998.55,2001.25,128283
477,2021-05-21T12:30:00,2001.35,2001.95,1998.5,1999.0,68360
478,2021-05-21T12:45:00,1999.0,2000.0,1998.0,1999.4,59860
479,2021-05-21T13:00:00,1999.55,2000.5,1998.0,1998.0,66768
480,2021-05-21T13:15:00,1998.75,2005.0,1997.9,2002.95,224029
481,2021-05-21T13:30:00,2002.95,2004.0,1999.3,2000.55,72754
482,2021-05-21T13:45:00,2000.5,2001.35,1998.5,2000.5,67792
483,2021-05-21T14:00:00,2001.0,2002.9,1997.35,1998.8,114404
484,2021-05-21T14:15:00,1998.8,1999.8,1995.1,1997.8,149677
485,2021-05-21T14:30:00,1997.8,2001.9,1997.8,1999.95,127037
486,2021-05-21T14:45:00,2000.0,2003.0,1998.0,2001.25,167592
487,2021-05-21T15:00:00,2001.05,2004.75,1999.0,2004.5,450697
488,2021-05-21T15:15:00,2004.5,2005.0,1999.05,2000.9,479454
489,2021-05-21T15:30:00,1999.6,1999.6,1999.6,1999.6,20
490,2021-05-24T09:15:00,2005.5,2009.5,1996.1,2001.65,504847
491,2021-05-24T09:30:00,2001.7,2003.0,1993.55,1995.0,261299
492,2021-05-24T09:45:00,1995.0,1996.9,1988.3,1990.5,256607
493,2021-05-24T10:00:00,1989.95,1993.0,1987.4,1990.5,174654
494,2021-05-24T10:15:00,1991.15,1994.65,1991.15,1993.3,102102
495,2021-05-24T10:30:00,1993.3,1994.45,1993.0,1993.1,73326
496,2021-05-24T10:45:00,1993.1,1995.95,1991.3,1994.0,91833
497,2021-05-24T11:00:00,1994.25,1997.45,1993.2,1996.8,121955
498,2021-05-24T11:15:00,1997.0,1999.7,1996.3,1997.4,130093
499,2021-05-24T11:30:00,1997.1,1998.85,1996.35,1998.85,86052
500,2021-05-24T11:45:00,1998.85,1999.0,1994.1,1994.65,159877
501,2021-05-24T12:00:00,1995.0,1996.9,1994.5,1996.0,95134
502,2021-05-24T12:15:00,1996.0,1997.7,1994.55,1996.4,54620
503,2021-05-24T12:30:00,1996.5,1997.8,1996.15,1996.3,73391
504,2021-05-24T12:45:00,1996.5,1998.55,1995.15,1995.95,81780
505,2021-05-24T13:00:00,1995.95,1997.9,1995.95,1996.5,75656
506,2021-05-24T13:15:00,1996.7,1998.0,1993.55,1993.75,150029
507,2021-05-24T13:30:00,1993.75,1995.85,1993.0,1994.35,58354
508,2021-05-24T13:45:00,1994.35,1995.7,1991.65,1994.95,68693
509,2021-05-24T14:00:00,1995.2,1995.65,1987.2,1991.65,268890
510,2021-05-24T14:15:00,1991.35,1992.0,1988.35,1990.75,110457
511,2021-05-24T14:30:00,1990.75,1992.0,1990.0,1990.0,73703
512,2021-05-24T14:45:00,1990.1,1991.0,1988.5,1989.25,127907
513,2021-05-24T15:00:00,1989.25,1989.5,1985.3,1987.75,301619
514,2021-05-24T15:15:00,1987.75,1987.85,1982.0,1984.9,418536
515,2021-05-24T15:30:00,1985.05,1985.05,1985.05,1985.05,20
516,2021-05-25T09:15:00,1996.9,1996.95,1983.1,1989.4,729315
517,2021-05-25T09:30:00,1988.95,1989.9,1983.5,1985.0,262856
518,2021-05-25T09:45:00,1984.7,1987.7,1982.4,1986.95,204140
519,2021-05-25T10:00:00,1986.5,1989.0,1986.35,1987.35,201936
520,2021-05-25T10:15:00,1987.5,1987.8,1984.0,1984.15,131841
521,2021-05-25T10:30:00,1984.35,1986.0,1980.15,1980.85,200689
522,2021-05-25T10:45:00,1980.4,1981.75,1978.75,1980.05,235589
523,2021-05-25T11:00:00,1980.05,1982.85,1975.55,1976.95,333634
524,2021-05-25T11:15:00,1976.95,1979.4,1975.05,1978.5,184996
525,2021-05-25T11:30:00,1978.5,1981.55,1978.3,1980.9,199395
526,2021-05-25T11:45:00,1981.0,1981.4,1978.0,1979.5,126456
527,2021-05-25T12:00:00,1979.5,1980.0,1977.5,1979.0,151090
528,2021-05-25T12:15:00,1978.35,1979.0,1976.0,1976.1,131332
529,2021-05-25T12:30:00,1976.1,1978.9,1976.0,1977.0,122032
530,2021-05-25T12:45:00,1977.0,1978.95,1974.0,1975.1,213896
531,2021-05-25T13:00:00,1975.15,1975.5,1972.7,1974.9,161085
532,2021-05-25T13:15:00,1974.9,1975.2,1970.0,1970.05,262633
533,2021-05-25T13:30:00,1970.05,1970.35,1966.6,1968.35,235224
534,2021-05-25T13:45:00,1968.35,1971.8,1967.3,1967.9,240594
535,2021-05-25T14:00:00,1968.0,1968.65,1962.0,1962.0,312075
536,2021-05-25T14:15:00,1962.05,1965.9,1961.2,1963.5,238969
537,2021-05-25T14:30:00,1963.75,1966.5,1963.0,1965.15,242678
538,2021-05-25T14:45:00,1965.05,1969.65,1964.6,1965.6,343114
539,2021-05-25T15:00:00,1965.55,1967.9,1961.85,1962.2,567328
540,2021-05-25T15:15:00,1962.5,1964.7,1960.25,1964.0,763647
541,2021-05-25T15:30:00,1964.0,1964.0,1964.0,1964.0,54
542,2021-05-26T09:15:00,1972.95,1976.25,1968.5,1968.75,407250
543,2021-05-26T09:30:00,1968.65,1971.2,1967.05,1970.0,166490
544,2021-05-26T09:45:00,1969.95,1973.0,1968.0,1973.0,120758
545,2021-05-26T10:00:00,1973.0,1973.75,1971.55,1973.1,134836
546,2021-05-26T10:15:00,1973.0,1975.0,1972.05,1974.4,154561
547,2021-05-26T10:30:00,1974.5,1975.75,1973.0,1973.75,105629
548,2021-05-26T10:45:00,1973.55,1978.0,1970.45,1973.5,268288
549,2021-05-26T11:00:00,1973.9,1976.6,1973.5,1975.5,111426
550,2021-05-26T11:15:00,1975.5,1979.45,1975.0,1976.0,160046
551,2021-05-26T11:30:00,1976.6,1977.75,1974.15,1975.65,133063
552,2021-05-26T11:45:00,1975.75,1976.0,1971.5,1973.95,69470
553,2021-05-26T12:00:00,1974.0,1975.05,1973.0,1974.0,70624
554,2021-05-26T12:15:00,1974.0,1977.0,1971.95,1975.35,109335
555,2021-05-26T12:30:00,1975.35,1976.5,1973.5,1973.6,71538
556,2021-05-26T12:45:00,1973.9,1973.95,1971.0,1972.0,94952
557,2021-05-26T13:00:00,1972.0,1972.95,1970.45,1971.2,70080
558,2021-05-26T13:15:00,1971.0,1973.9,1971.0,1972.65,61461
559,2021-05-26T13:30:00,1972.65,1974.3,1970.75,1970.85,74954
560,2021-05-26T13:45:00,1970.85,1972.6,1968.05,1969.0,96994
561,2021-05-26T14:00:00,1969.1,1971.2,1965.75,1968.85,131248
562,2021-05-26T14:15:00,1968.75,1970.0,1967.25,1969.65,60241
563,2021-05-26T14:30:00,1969.65,1973.9,1969.55,1973.1,99790
564,2021-05-26T14:45:00,1973.0,1973.9,1969.0,1971.4,198933
565,2021-05-26T15:00:00,1971.4,1971.5,1969.5,1970.9,207843
566,2021-05-26T15:15:00,1970.9,1971.9,1966.15,1967.0,235662
567,2021-05-26T15:30:00,1967.0,1967.0,1967.0,1967.0,31
568,2021-05-27T09:15:00,1970.3,1977.0,1962.45,1970.75,433863
569,2021-05-27T09:30:00,1970.55,1971.45,1963.0,1965.0,241448
570,2021-05-27T09:45:00,1965.0,1966.9,1963.0,1963.7,121473
571,2021-05-27T10:00:00,1964.2,1968.6,1964.0,1967.0,124651
572,2021-05-27T10:15:00,1966.4,1975.5,1966.1,1975.0,199303
573,2021-05-27T10:30:00,1975.5,1984.9,1975.0,1981.05,445593
574,2021-05-27T10:45:00,1981.4,1986.4,1981.05,1984.1,260456
575,2021-05-27T11:00:00,1984.35,1989.5,1984.1,1986.0,287443
576,2021-05-27T11:15:00,1985.9,1987.0,1983.0,1985.85,156039
577,2021-05-27T11:30:00,1985.85,1986.95,1984.4,1986.8,94124
578,2021-05-27T11:45:00,1986.8,1991.0,1985.0,1985.55,269635
579,2021-05-27T12:00:00,1985.55,1987.25,1985.0,1986.1,119471
580,2021-05-27T12:15:00,1986.1,1986.65,1984.05,1984.55,128635
581,2021-05-27T12:30:00,1985.05,1986.65,1983.05,1983.35,189485
582,2021-05-27T12:45:00,1984.0,1985.45,1983.05,1984.4,155181
583,2021-05-27T13:00:00,1984.7,1985.8,1983.45,1985.55,95943
584,2021-05-27T13:15:00,1985.55,1985.8,1983.0,1983.05,112662
585,2021-05-27T13:30:00,1983.55,1983.55,1980.6,1981.45,170376
586,2021-05-27T13:45:00,1981.55,1983.45,1979.3,1983.45,118087
587,2021-05-27T14:00:00,1983.45,1985.5,1982.05,1982.25,226737
588,2021-05-27T14:15:00,1982.3,1982.95,1977.4,1978.6,314200
589,2021-05-27T14:30:00,1978.5,1979.55,1975.0,1979.15,205569
590,2021-05-27T14:45:00,1979.25,1979.65,1977.05,1979.65,259662
591,2021-05-27T15:00:00,1979.5,1984.0,1973.5,1973.5,4123268
592,2021-05-27T15:15:00,1973.45,1992.5,1967.2,1990.05,3507973
593,2021-05-27T15:30:00,1990.0,1990.0,1990.0,1990.0,25
594,2021-05-28T09:15:00,1990.2,2004.5,1990.05,1995.1,645671
595,2021-05-28T09:30:00,1995.1,2016.7,1995.05,2014.6,983193
596,2021-05-28T09:45:00,2015.0,2034.4,2015.0,2032.15,1798286
597,2021-05-28T10:00:00,2032.3,2050.85,2029.05,2039.3,2106365
598,2021-05-28T10:15:00,2039.0,2045.0,2035.0,2045.0,760854
599,2021-05-28T10:30:00,2045.25,2049.0,2038.5,2045.0,595382
600,2021-05-28T10:45:00,2044.5,2045.3,2038.5,2039.65,279283
601,2021-05-28T11:00:00,2039.65,2045.0,2036.25,2043.7,434304
602,2021-05-28T11:15:00,2043.7,2065.0,2043.25,2062.25,1942537
603,2021-05-28T11:30:00,2062.25,2073.0,2057.7,2064.85,1722339
604,2021-05-28T11:45:00,2064.85,2071.4,2062.0,2065.05,669434
605,2021-05-28T12:00:00,2065.1,2074.85,2065.0,2069.0,732891
606,2021-05-28T12:15:00,2068.55,2082.0,2068.2,2079.0,1208437
607,2021-05-28T12:30:00,2079.0,2085.0,2077.25,2084.5,1010874
608,2021-05-28T12:45:00,2084.5,2094.2,2080.2,2093.7,1143383
609,2021-05-28T13:00:00,2094.2,2094.2,2081.05,2086.55,1203766
610,2021-05-28T13:15:00,2087.0,2089.5,2081.0,2087.0,656792
611,2021-05-28T13:30:00,2087.0,2091.0,2086.2,2090.05,624449
612,2021-05-28T13:45:00,2090.0,2095.95,2087.1,2089.15,844242
613,2021-05-28T14:00:00,2089.15,2092.65,2086.2,2089.85,434213
614,2021-05-28T14:15:00,2089.25,2100.0,2087.0,2098.25,1028881
615,2021-05-28T14:30:00,2099.15,2105.0,2095.65,2104.0,1355862
616,2021-05-28T14:45:00,2103.95,2104.0,2092.1,2096.2,850135
617,2021-05-28T15:00:00,2096.2,2099.5,2093.0,2095.05,1242500
618,2021-05-28T15:15:00,2095.25,2099.2,2090.9,2094.2,1725026
619,2021-05-28T15:30:00,2094.45,2094.45,2094.45,2094.45,169
